Wavelength,Intensity
684.5042241487364,617
684.514626776526,618
684.52502913309581,614
684.53543121842142,615
684.54583303247762,615
684.5562345752403,615
684.566635846684,613.5
684.57703684678438,613.5
684.58743757551656,612.5
684.59783803285563,613
684.60823821877716,614.5
684.618638133256,616
684.62903777626775,614.5
684.63943714778736,617
684.64983624779018,615.5
684.66023507625141,615.5
684.67063363314628,612.5
684.68103191845012,614.5
684.69142993213836,612
684.70182767418589,614.5
684.712225144568,616.5
684.72262234326047,616.5
684.73301927023783,618.5
684.74341592547569,616.5
684.75381230894914,614
684.76420842063374,612
684.77460426050459,611
684.78499982853691,611
684.795395124706,612
684.80579014898717,613
684.81618490135554,614
684.82657938178647,615.5
684.8369735902553,615
684.84736752673723,614
684.85776119120749,615
684.86815458364163,615
684.87854770401464,615
684.88894055230173,613.5
684.89933312847836,613
684.90972543252,615.5
684.92011746440153,615.5
684.93050922409827,614
684.940900711586,614
684.95129192683953,616.5
684.96168286983425,616.5
684.97207354054547,616
684.98246393894851,616
684.99285406501861,615.5
685.00324391873119,612.5
685.01363350006147,612.5
685.0240228089848,614
685.03441184547637,613.5
685.04480060951164,613
685.05518910106571,613
685.065577320114,612.5
685.075965266632,614
685.08635294059468,613.5
685.09674034197758,615
685.107127470756,614
685.117514326905,614
685.12790091040029,613
685.138287221217,614.5
685.14867325933039,615
685.15905902471582,615.5
685.16944451734889,614
685.17982973720427,613.5
685.190214684258,612
685.20059935848508,612
685.21098375986071,613
685.22136788836053,613
685.23175174395965,613
685.24213532663327,613
685.25251863635719,614
685.26290167310651,614
685.27328443685633,613
685.28366692758243,613
685.29404914525981,614.5
685.3044310898639,611.5
685.31481276137026,612.5
685.32519415975389,610.5
685.33557528499034,612.5
685.34595613705494,611
685.35633671592313,614.5
685.36671702157014,615
685.3770970539714,615
685.387476813102,616
685.39785629893765,615
685.40823551145365,612
685.41861445062534,612.5
685.42899311642782,615
685.43937150883687,615
685.4497496278276,616
685.46012747337545,614.5
685.470505045456,612
685.48088234404429,610.5
685.4912593691156,613
685.50163612064568,614.5
685.51201259860989,614.5
685.52238880298341,614
685.5327647337416,614
685.54314039086,614.5
685.55351577431384,616.5
685.56389088407866,614.5
685.57426572012969,615.5
685.58464028244259,615.5
685.59501457099236,614.5
685.60538858575467,613
685.61576232670484,614.5
685.62613579381843,614
685.63650898707056,616
685.64688190643676,613.5
685.65725455189238,614
685.66762692341285,613.5
685.67799902097363,614.5
685.68837084455026,615
685.69874239411774,614.5
685.70911366965174,615
685.71948467112759,613
685.729855398521,611
685.74022585180694,610.5
685.75059603096111,613
685.76096593595878,613.5
685.77133556677541,615.5
685.78170492338643,614.5
685.7920740057674,615
685.80244281389366,612
685.81281134774053,613.5
685.82317960728346,614.5
685.83354759249789,616.5
685.84391530335927,616
685.85428273984314,614
685.864649901925,614
685.87501678957983,614.5
685.88538340278365,612.5
685.89574974151139,612.5
685.90611580573875,612
685.91648159544127,612
685.92684711059417,613.5
685.937212351173,616
685.94757731715322,616
685.95794200851014,611.5
685.96830642521957,612.5
685.97867056725647,612.5
685.98903443459665,614.5
685.99939802721542,613
686.00976134508846,612.5
686.02012438819088,614.5
686.03048715649845,618
686.04084964998628,616.5
686.05121186863016,616
686.06157381240553,613.5
686.07193548128771,612.5
686.08229687525227,612.5
686.09265799427453,615.5
686.10301883833006,615.5
686.1133794073944,616.5
686.123739701443,616.5
686.13409972045133,616.5
686.1444594643948,618
686.154818933249,615
686.16517812698942,616.5
686.17553704559145,616
686.18589568903053,614
686.19625405728209,614.5
686.20661215032192,617
686.21696996812534,617
686.22732751066781,617.5
686.23768477792487,615
686.2480417698722,617
686.25839848648491,617
686.26875492773854,617
686.279111093609,619
686.28946698407162,612.5
686.2998225991015,614.5
686.31017793867477,615
686.32053300276641,615
686.33088779135221,614
686.34124230440773,615
686.35159654190829,615.5
686.36195050382946,616
686.37230419014691,616.5
686.382657600836,615.5
686.39301073587228,614.5
686.40336359523133,615
686.41371617888842,615
686.42406848681946,615.5
686.43442051899979,616
686.444772275405,614.5
686.45512375601038,614.5
686.46547496079177,614
686.47582588972443,613.5
686.48617654278416,614.5
686.49652691994629,613.5
686.5068770211866,615
686.51722684648041,613
686.52757639580341,613.5
686.53792566913091,614
686.5482746664386,616
686.558623387702,615
686.56897183289686,617.5
686.57932000199844,618
686.58966789498243,619
686.60001551182449,619
686.61036285249986,616.5
686.62070991698431,617.5
686.63105670525329,614
686.64140321728269,614.5
686.65174945304773,614.5
686.662095412524,616
686.67244109568719,617.5
686.68278650251284,617
686.69313163297636,617
686.70347648705354,614.5
686.71382106471981,615.5
686.72416536595085,616
686.734509390722,616
686.74485313900914,613.5
686.75519661078772,613.5
686.76553980603353,615
686.77588272472167,615.5
686.786225366828,614
686.79656773232819,615
686.80690982119768,613
686.81725163341218,615
686.82759316894726,613.5
686.83793442777824,613.5
686.84827540988124,613
686.85861611523137,613.5
686.86895654380442,615.5
686.87929669557593,614.5
686.8896365705217,615.5
686.89997616861729,617.5
686.910315489838,616
686.92065453415967,617.5
686.93099330155792,615
686.94133179200821,611.5
686.95167000548622,611.5
686.96200794196773,618
686.97234560142817,618
686.98268298384323,618
686.99302008918846,614.5
687.00335691743965,615
687.01369346857211,614.5
687.02402974256177,614.5
687.03436573938393,614.5
687.0447014590145,616
687.05503690142916,613.5
687.06537206660323,614
687.07570695451261,613
687.08604156513275,615
687.09637589843942,613
687.1067099544083,615.5
687.11704373301473,615
687.1273772342347,615
687.13771045804367,615
687.14804340441719,613
687.15837607333117,613
687.16870846476115,615
687.17904057868259,616.5
687.18937241507138,616.5
687.199703973903,616
687.21003525515334,615.5
687.22036625879775,612.5
687.230696984812,612.5
687.24102743317189,612
687.251357603853,614
687.26168749683086,614.5
687.27201711208136,614
687.2823464495799,614.5
687.2926755093024,610.5
687.30300429122428,612
687.31333279532146,615.5
687.32366102156948,616
687.333988969944,613.5
687.34431664042086,613.5
687.35464403297544,613.5
687.36497114758367,615
687.37529798422122,614
687.38562454286341,616
687.39595082348637,617.5
687.40627682606566,613.5
687.416602550577,613.5
687.42692799699591,615.5
687.4372531652981,615.5
687.4475780554593,615.5
687.45790266745541,616.5
687.468227001262,615.5
687.4785510568546,615
687.488874834209,614.5
687.49919833330091,615
687.5095215541063,616
687.5198444966004,617
687.53016716075922,617
687.54048954655843,616
687.5508116539736,615
687.56113348298072,616
687.57145503355514,615
687.58177630567286,616.5
687.59209729930944,616
687.60241801444079,617
687.61273845104245,616
687.62305860909009,615
687.63337848855963,615
687.64369808942649,615
687.65401741166681,617
687.66433645525592,613.5
687.67465522016994,614.5
687.68497370638443,614.5
687.69529191387483,616
687.70560984261726,615
687.71592749258741,615
687.72624486376083,615.5
687.73656195611352,615.5
687.74687876962093,613
687.757195304259,613
687.7675115600033,615
687.77782753682982,616.5
687.7881432347142,615.5
687.79845865363222,617
687.80877379355945,616.5
687.81908865447178,617
687.82940323634512,616
687.839717539155,616.5
687.85003156287723,616.5
687.86034530748736,616.5
687.87065877296163,618
687.8809719592756,618.5
687.891284866405,619
687.90159749432553,618.5
687.91190984301306,615.5
687.92222191244332,617.5
687.932533702592,614
687.94284521343491,614.5
687.953156444948,613.5
687.96346739710691,616
687.97377806988743,618
687.98408846326538,614
687.99439857721632,618
688.00470841171636,610.5
688.01501796674108,617
688.02532724226637,616.5
688.035636238268,617
688.04594495472179,617
688.05625339160349,618.5
688.0665615488889,618
688.07686942655369,618
688.08717702457375,617
688.0974843429251,616
688.10779138158318,615
688.11809814052413,615.5
688.12840461972337,615.5
688.138710819157,615.5
688.14901673880081,615.5
688.15932237863058,615.5
688.169627738622,617.5
688.17993281875113,616
688.19023761899348,614.5
688.20054213932508,614.5
688.21084637972172,616
688.22115034015917,616.5
688.23145402061334,616.5
688.24175742105979,616
688.25206054147475,616
688.26236338183367,614
688.27266594211267,618.5
688.28296822228754,618.5
688.293270222334,617.5
688.30357194222779,615
688.313873381945,615
688.32417454146116,615.5
688.33447542075248,614.5
688.34477601979461,614.5
688.35507633856332,615.5
688.36537637703464,618
688.37567613518422,618
688.38597561298786,614.5
688.3962748104218,614.5
688.40657372746159,616
688.416872364083,617
688.42717072026221,615.5
688.43746879597472,616
688.44776659119668,613.5
688.45806410590376,615
688.46836134007208,613.5
688.47865829367709,615
688.48895496669479,616
688.49925135910132,616
688.50954747087246,617
688.51984330198377,617
688.53013885241148,616
688.54043412213127,616
688.550729111119,614.5
688.56102381935057,615
688.571318246802,615
688.58161239344918,615.5
688.59190625926772,616.5
688.60219984423384,616
688.61249314832321,616.5
688.62278617151185,616.5
688.63307891377542,617.5
688.64337137509,615
688.65366355543142,615
688.66395545477576,617
688.67424707309851,616
688.68453841037592,616
688.69482946658388,613.5
688.70512024169818,613
688.71541073569472,615
688.72570094854939,616
688.73599088023821,618
688.746280530737,618
688.75656990002153,618.5
688.766858988068,617.5
688.77714779485223,615
688.78743632035,615
688.79772456453748,615
688.80801252739025,617
688.81830020888458,617
688.82858760899614,615.5
688.838874727701,615.5
688.849161564975,616.5
688.85944812079424,616.5
688.86973439513429,613
688.8800203879714,612.5
688.89030609928147,613.5
688.9005915290403,613
688.910876677224,617
688.92116154380835,615.5
688.93144612876927,617
688.94173043208275,617
688.95201445372481,619
688.96229819367147,618
688.97258165189851,617
688.98286482838193,616
688.99314772309765,615.5
689.00343033602178,614.5
689.01371266712988,619.5
689.02399471639831,618.5
689.034276483803,616.5
689.04455796931961,616
689.0548391729244,613.5
689.06512009459323,616
689.075400734302,612.5
689.0856810920269,619
689.09596116774355,619.5
689.10624096142817,622
689.11652047305677,615.5
689.126799702605,615.5
689.13707865004938,616.5
689.1473573153653,617.5
689.15763569852913,616.5
689.16791379951655,613.5
689.1781916183038,613.5
689.18846915486688,616.5
689.19874640918158,617.5
689.20902338122414,616
689.21930007097023,615.5
689.2295764783961,615.5
689.23985260347774,619
689.25012844619073,618.5
689.26040400651164,617
689.27067928441625,614.5
689.28095427988035,614.5
689.29122899288018,616.5
689.30150342339175,617.5
689.31177757139108,616.5
689.32205143685394,618
689.33232501975658,617.5
689.3425983200749,618.5
689.352871337785,617.5
689.36314407286272,615.5
689.37341652528426,615.5
689.38368869502563,616.5
689.39396058206262,616
689.40423218637147,616
689.4145035079282,615
689.42477454670882,617
689.43504530268922,617.5
689.44531577584576,618
689.45558596615388,618
689.46585587359027,617.5
689.47612549813061,618
689.48639483975091,618
689.49666389842741,617
689.5069326741359,618
689.51720116685249,617.5
689.52746937655343,618.5
689.53773730321461,618.5
689.548004946812,620
689.55827230732177,620
689.56853938471988,618.5
689.5788061789824,617.5
689.58907269008546,614
689.59933891800517,615.5
689.60960486271733,616
689.61987052419818,617.5
689.63013590242383,618
689.64040099737019,616
689.6506658090135,619
689.66093033732955,620
689.67119458229479,620
689.68145854388479,616
689.69172222207612,617.5
689.70198561684469,620
689.71224872816629,618.5
689.72251155601748,615
689.73277410037383,613.5
689.743036361212,614
689.75329833850742,618
689.76356003223668,618
689.77382144237561,618
689.78408256890043,616.5
689.79434341178728,617.5
689.80460397101183,615
689.81486424655066,616
689.82512423837977,617
689.835383946475,617
689.8456433708127,615
689.85590251136887,615
689.86616136811972,617.5
689.876419941041,617.5
689.8866782301094,617
689.89693623530059,617
689.90719395659073,617
689.91745139395607,619
689.92770854737239,616.5
689.93796541681627,617
689.94822200226372,617
689.95847830369053,616.5
689.96873432107316,616.5
689.9789900543874,616
689.98924550360971,617
689.99950066871611,617
690.00975554968261,615.5
690.02001014648545,616.5
690.03026445910075,615.5
690.04051848750464,616
690.05077223167325,616
690.06102569158259,619.5
690.07127886720912,619.5
690.08153175852851,618
690.09178436551713,618.5
690.10203668815132,618.5
690.112288726407,618
690.12254048026023,619
690.13279194968743,619.5
690.14304313466459,617.5
690.15329403516785,616.5
690.16354465117331,615.5
690.17379498265734,614.5
690.184045029596,615.5
690.19429479196515,618
690.20454426974129,619
690.21479346290062,617
690.225042371419,617.5
690.235290995273,618
690.24553933443838,616.5
690.25578738889146,616.5
690.26603515860859,617.5
690.27628264356576,617.5
690.28652984373912,616
690.29677675910477,616.5
690.3070233896392,617
690.31726973531829,619.5
690.32751579611852,618.5
690.33776157201567,618
690.3480070629862,618
690.35825226900624,620
690.368497190052,619
690.37874182609971,619
690.38898617712539,618.5
690.39923024310542,618.5
690.40947402401582,618
690.41971751983283,617.5
690.42996073053268,617
690.44020365609174,620.5
690.45044629648612,621
690.46068865169184,621.5
690.47093072168525,622
690.48117250644248,622
690.49141400593987,622.5
690.50165522015345,622.5
690.51189614905968,622.5
690.52213679263457,618
690.53237715085436,619.5
690.54261722369529,619.5
690.55285701113371,619
690.56309651314575,619.5
690.57333572970754,619.5
690.58357466079531,619.5
690.59381330638541,618
690.60405166645387,619.5
690.61428974097737,621.5
690.62452752993158,621.5
690.63476503329309,621
690.64500225103825,620
690.65523918314273,619.5
690.66547582958333,619
690.675712190336,618.5
690.68594826537708,620.5
690.69618405468282,622.5
690.70641955822953,622.5
690.71665477599322,622.5
690.72688970795048,622.5
690.73712435407731,623.5
690.74735871435,623.5
690.75759278874489,621
690.76782657723811,621
690.7780600798061,622
690.788293296425,622
690.79852622707108,622
690.80875887172056,620.5
690.81899123034987,622
690.82922330293513,627
690.8394550894526,625.5
690.84968658987873,622.5
690.85991780418965,622
690.87014873236149,622
690.88037937437082,618.5
690.89060973019377,619
690.9008397998067,620
690.91106958318574,622
690.92129908030734,622
690.93152829114763,623
690.941757215683,621
690.95198585388971,623.5
690.96221420574409,622.5
690.97244227122269,622.5
690.98267005030118,624
690.99289754295626,624
691.00312474916427,624
691.01335166890124,626
691.02357830214385,629
691.033804648868,628
691.04403070905039,624
691.054256482667,622.5
691.06448196969438,622.5
691.0747071701087,625
691.0849320838862,626
691.09515671100348,627.5
691.10538105143655,626.5
691.115605105162,628.5
691.12582887215581,627
691.13605235239459,627
691.14627554585456,627
691.156498452512,627.5
691.16672107234342,630
691.176943405325,629.5
691.18716545143309,629.5
691.19738721064414,632
691.20760868293428,633
691.21782986827975,636.5
691.22805076665736,635
691.23827137804312,633.5
691.2484917024135,633.5
691.25871173974451,634
691.268931490013,634
691.279150953195,634
691.2893701292669,634
691.2995890182051,637.5
691.30980761998592,637
691.32002593458583,638.5
691.33024396198107,638.5
691.34046170214788,639
691.35067915506283,643.5
691.3608963207023,643.5
691.37111319904261,642.5
691.38132979006,644.5
691.39154609373077,646
691.40176211003154,648
691.4119778389387,650
691.42219328042836,656
691.43240843447711,655
691.4426233010613,656.5
691.45283788015718,655
691.46305217174131,656.5
691.47326617578972,657
691.48347989227932,657.5
691.49369332118624,657
691.50390646248661,665.5
691.51411931615712,668.5
691.52433188217424,668.5
691.5345441605142,670.5
691.54475615115336,678
691.55496785406831,686
691.56517926923516,682.5
691.57539039663061,691.5
691.58560123623079,686.5
691.59581178801227,695
691.60602205195141,695
691.61623202802468,695.5
691.62644171620832,700.5
691.6366511164789,711.5
691.6468602288129,722.5
691.65706905318655,722.5
691.66727758957643,723.5
691.67748583795867,723.5
691.68769379831,740.5
691.69790147060678,748.5
691.70810885482535,757.5
691.71831595094216,773.5
691.72852275893376,772.5
691.73872927877642,774.5
691.74893551044647,791.5
691.75914145392062,797
691.7693471091751,801.5
691.7795524761865,811
691.789757554931,826
691.79996234538544,828.5
691.810166847526,866.5
691.82037106132918,882
691.83057498677147,902.5
691.84077862382924,923.5
691.85098197247885,945.5
691.86118503269688,947.5
691.8713878044598,977.5
691.88159028774407,1019
691.89179248252617,1066
691.90199438878233,1141
691.91219600648924,1194
691.92239733562337,1251.5
691.93259837616108,1306
691.942799128079,1334.5
691.9529995913532,1412.5
691.96319976596055,1428
691.97339965187746,1517.5
691.98359924908016,1618
691.99379855754535,1750
692.00399757724961,1871
692.01419630816918,2027
692.02439475028052,2200.5
692.03459290356045,2429.5
692.044790767985,2681.5
692.05498834353091,2910.5
692.0651856301746,3100.5
692.07538262789274,3382
692.08557933666168,3557
692.09577575645778,3769.5
692.10597188725774,3930.5
692.11616772903778,4040
692.12636328177484,4040
692.13655854544515,3938.5
692.14675352002519,3806.5
692.15694820549152,3681.5
692.16714260182061,3469.5
692.17733670898906,3371.5
692.18753052697332,3175
692.19772405574986,3047.5
692.20791729529526,2925.5
692.218110245586,2719.5
692.22830290659874,2555
692.23849527830964,2422
692.24868736069561,2300.5
692.25887915373289,2087
692.26907065739829,1966
692.27926187166815,1818
692.28945279651884,1712
692.29964343192717,1698.5
692.30983377786958,1616
692.32002383432257,1547
692.33021360126281,1489
692.34040307866667,1471
692.35059226651072,1407.5
692.36078116477154,1364
692.37096977342571,1291
692.3811580924496,1275
692.39134612181988,1229
692.40153386151326,1159.5
692.411721311506,1140
692.42190847177483,1114.5
692.43209534229629,1094.5
692.442281923047,1064
692.452468214003,1061
692.4626542151417,1045.5
692.47283992643906,1034
692.483025347872,1025.5
692.49321047941658,1013.5
692.50339532105,1000
692.51357987274832,984
692.52376413448837,969
692.53394810624661,954.5
692.54413178799962,948
692.55431517972409,934.5
692.5644982813966,922.5
692.57468109299361,912.5
692.58486361449172,904
692.5950458458675,894.5
692.60522778709765,894.5
692.61540943815862,877.5
692.62559079902712,885
692.63577186967973,872
692.64595265009291,861
692.65613314024336,860.5
692.66631334010765,863.5
692.67649324966226,866.5
692.68667286888422,865.5
692.69685219774942,858
692.70703123623525,850
692.71720998431783,846
692.72738844197374,845.5
692.73756660917991,842
692.74774448591268,823.5
692.75792207214863,821
692.76809936786458,821
692.7782763730371,825
692.78845308764267,820.5
692.798629511658,823.5
692.80880564505981,817.5
692.81898148782454,820
692.8291570399291,820
692.83933230134983,820
692.84950727206342,819.5
692.85968195204646,823
692.86985634127586,825
692.88003043972788,826
692.8902042473793,818.5
692.900377764207,814.5
692.91055099018718,806
692.92072392529678,808
692.93089656951247,808
692.94106892281081,816
692.9512409851684,818.5
692.9614127565618,828.5
692.971584236968,826.5
692.98175542636329,833.5
692.99192632472466,841
693.00209693202839,850
693.01226724825153,850
693.02243727337054,873.5
693.032607007362,885.5
693.04277645020261,897.5
693.05294560186928,901.5
693.06311446233826,911
693.0732830315867,933.5
693.08345130959094,937.5
693.09361929632769,948.5
693.10378699177363,971.5
693.11395439590569,1009
693.12412150870011,1015.5
693.134288330134,1031.5
693.14445486018371,1044.5
693.154621098826,1062.5
693.16478704603787,1085.5
693.17495270179552,1102.5
693.185118066076,1156
693.19528313885587,1191
693.20544792011185,1233.5
693.21561240982078,1281.5
693.22577660795889,1323
693.23594051450334,1388.5
693.24610412943071,1425.5
693.25626745271757,1486.5
693.266430484341,1543.5
693.27659322427712,1611
693.2867556725032,1706.5
693.29691782899556,1827
693.30707969373111,1896
693.31724126668655,2016
693.32740254783857,2148.5
693.33756353716387,2333.5
693.34772423463914,2532.5
693.3578846402412,2755.5
693.36804475394683,2931
693.37820457573241,3157.5
693.38836410557519,3371
693.39852334345142,3664.5
693.40868228933812,4068
693.41884094321176,4516.5
693.42899930504939,4884
693.43915737482757,5220.5
693.44931515252324,5798.5
693.45947263811286,6401
693.46962983157323,7087
693.47978673288128,7842
693.48994334201348,8539.5
693.50009965894685,9078
693.510255683658,9539.5
693.52041141612369,9552.5
693.53056685632066,9449
693.5407220042257,9047
693.5508768598155,8585.5
693.56103142306688,8103.5
693.57118569395675,7453
693.5813396724617,6955
693.59149335855852,6624.5
693.60164675222381,6170.5
693.61179985343472,5827
693.6219526621677,5551
693.63210517839968,5123.5
693.64225740210725,4721.5
693.65240933326743,4377.5
693.66256097185692,4152.5
693.67271231785253,3828.5
693.682863371231,3551.5
693.69301413196888,3286
693.70316460004324,2984.5
693.713314775431,2787
693.72346465810847,2681
693.733614248053,2602
693.74376354524088,2430
693.75391254964916,2290
693.76406126125471,2223
693.77420968003412,2174.5
693.78435780596453,2067.5
693.7945056390223,1997
693.80465317918447,1946
693.81480042642784,1907
693.82494738072933,1847
693.83509404206541,1771.5
693.84524041041334,1700.5
693.85538648574959,1654.5
693.86553226805108,1603
693.87567775729451,1591.5
693.885822953457,1591.5
693.89596785651509,1584
693.90611246644573,1545.5
693.91625678322589,1499
693.92640080683191,1490.5
693.93654453724116,1448
693.94668797443023,1448
693.95683111837593,1433.5
693.96697396905518,1425
693.97711652644466,1412
693.98725879052154,1402.5
693.99740076126238,1366
694.007542438644,1334
694.01768382264333,1317
694.02782491323728,1264
694.03796571040266,1244.5
694.04810621411616,1218
694.05824642435482,1183
694.06838634109556,1174
694.078525964315,1169.5
694.08866529399018,1159.5
694.09880433009789,1152
694.10894307261492,1141.5
694.1190815215183,1128
694.1292196767846,1124.5
694.1393575383911,1103
694.14949510631436,1067.5
694.15963238053155,1046
694.16976936101912,1018
694.17990604775412,1012.5
694.19004244071357,1002.5
694.2001785398744,990.5
694.21031434521308,982
694.22044985670686,970.5
694.23058507433257,967
694.24071999806688,961.5
694.25085462788707,931.5
694.26098896376959,924
694.27112300569172,925.5
694.28125675363,921
694.29139020756156,923
694.30152336746335,907
694.311656233312,900.5
694.32178880508468,891.5
694.331921082758,872.5
694.34205306630929,862
694.35218475571492,839.5
694.36231615095232,833
694.372447251998,832.5
694.38257805882915,833
694.39270857142253,834
694.402838789755,831
694.41296871380382,830.5
694.42309834354546,831
694.43322767895711,831.5
694.44335672001569,823.5
694.453485466698,815.5
694.46361391898108,815.5
694.47374207684175,809
694.48386994025691,817
694.49399750920384,804.5
694.50412478365911,807
694.51425176359976,801
694.52437844900271,806
694.534504839845,802.5
694.5446309361032,791.5
694.55475673775481,790.5
694.56488224477664,801
694.57500745714526,798
694.585132374838,776.5
694.59525699783171,773
694.60538132610327,773
694.61550535962988,773
694.625629098388,772
694.635752542355,773.5
694.64587569150785,770
694.65599854582342,756
694.66612110527842,749.5
694.67624336985034,746
694.68636533951565,746
694.69648701425172,742.5
694.70660839403513,747
694.71672947884315,744.5
694.72685026865258,743
694.7369707634407,742
694.74709096318418,742.5
694.75721086786,742.5
694.76733047744528,727
694.777449791917,727
694.78756881125207,726
694.79768753542771,726
694.80780596442048,729
694.81792409820775,731
694.82804193676634,730
694.83815948007339,728
694.8482767281057,722
694.85839368084044,715.5
694.8685103382544,710
694.878626700325,710
694.88874276702882,708.5
694.898858538343,710
694.90897401424456,709.5
694.91908919471064,698.5
694.92920407971826,700.5
694.939318669244,698
694.94943296326551,702
694.9595469617592,699
694.96966066470259,701.5
694.97977407207259,693.5
694.989887183846,693.5
694.99999999999989,692
695.0101125205116,689.5
695.02022474535784,683.5
695.03033667451587,678
695.04044830796261,676.5
695.050559645675,677.5
695.06067068763014,678
695.07078143380511,684
695.08089188417716,678.5
695.091002038723,674
695.10111189741986,672
695.11122146024456,673.5
695.1213307271745,667.5
695.13143969818657,667.5
695.14154837325771,665
695.151656752365,666
695.161764835486,663.5
695.171872622597,662
695.18198011367542,663.5
695.19208730869832,665
695.20219420764283,664
695.212300810486,664
695.22240711720474,665.5
695.2325131277762,665.5
695.24261884217765,658.5
695.252724260386,658
695.2628293823783,661.5
695.27293420813146,658.5
695.28303873762286,660
695.29314297082965,657
695.30324690772852,657
695.313350548297,657
695.32345389251179,653
695.33355694035026,651.5
695.34365969178941,651.5
695.35376214680628,651.5
695.36386430537812,655
695.37396616748163,650
695.38406773309453,653.5
695.39416900219351,648
695.40426997475561,649
695.41437065075809,649
695.42447103017821,650
695.4345711129929,651
695.4446708991793,648.5
695.45477038871434,650
695.4648695815755,647
695.47496847773959,649.5
695.48506707718388,649.5
695.49516537988563,646.5
695.50526338582154,646
695.51536109496908,645.5
695.52545850730553,646
695.53555562280746,647.5
695.54565244145249,651
695.55574896321752,649.5
695.56584518807972,648
695.57594111601634,647
695.5860367470043,649.5
695.596132081021,650
695.60622711804342,652.5
695.61632185804888,646.5
695.62641630101416,645.5
695.63651044691676,645
695.64660429573382,642
695.65669784744216,644
695.66679110201937,643
695.67688405944216,644.5
695.68697671968812,643
695.69706908273417,645.5
695.70716114855747,639.5
695.71725291713528,639
695.72734438844464,639
695.73743556246279,639
695.7475264391669,639.5
695.75761701853423,643
695.76770730054182,640.5
695.77779728516691,642.5
695.78788697238667,645
695.79797636217825,642.5
695.80806545451878,640
695.81815424938554,637
695.82824274675568,637
695.83833094660633,636.5
695.84841884891489,637
695.85850645365849,636
695.86859376081406,636
695.8786807703591,632.5
695.88876748227062,631.5
695.89885389652579,633
695.9089400131021,634
695.91902583197646,630
695.929111353126,630.5
695.93919657652839,636.5
695.94928150216026,636.5
695.95936612999924,637
695.96945046002236,631.5
695.97953449220688,632.5
695.98961822653018,635.5
695.99970166296919,635.5
696.00978480150116,632.5
696.01986764210335,632
696.02995018475326,631.5
696.04003242942792,629
696.05011437610426,633.5
696.0601960247601,634.5
696.07027737537214,634.5
696.08035842791787,638
696.09043918237444,635.5
696.10051963871922,635
696.11059979692925,634
696.12067965698213,634.5
696.13075921885468,635
696.14083848252426,634.5
696.15091744796825,636
696.1609961151637,635.5
696.17107448408808,638.5
696.18115255471866,636
696.19123032703237,638
696.20130780100692,638.5
696.21138497661912,636
696.22146185384645,631.5
696.23153843266618,630.5
696.2416147130557,630.5
696.251690694992,636
696.26176637845253,632
696.27184176341439,636.5
696.28191684985507,633.5
696.29199163775183,634.5
696.30206612708184,635
696.31214031782224,639
696.32221420995063,638.5
696.332287803444,639.5
696.34236109827987,641
696.35243409443558,641.5
696.362506791888,642.5
696.3725791906146,642.5
696.382651290593,645.5
696.39272309180012,644.5
696.40279459421345,644.5
696.41286579781013,643.5
696.42293670256754,641.5
696.43300730846317,643.5
696.443077615474,641.5
696.45314762357748,636.5
696.4632173327509,634.5
696.4732867429716,633.5
696.483355854217,634.5
696.49342466646419,635
696.50349317969062,634
696.51356139387349,632.5
696.52362930899,633
696.53369692501815,631.5
696.54376424193447,630.5
696.55383125971662,633
696.563897978342,633
696.57396439778779,632.5
696.58403051803134,627
696.59409633905011,627
696.60416186082125,627.5
696.61422708332225,630.5
696.62429200653025,629.5
696.63435663042287,627.5
696.64442095497725,630.5
696.65448498017088,628.5
696.66454870598079,628
696.67461213238482,627.5
696.68467525935989,629
696.6947380868836,624.5
696.70480061493322,624.5
696.714862843486,630
696.72492477251944,630
696.734986402011,631
696.74504773193769,628.5
696.75510876227725,630.5
696.765169493007,632
696.77522992410388,634.5
696.78529005554572,633
696.79534988730973,631
696.8054094193734,632
696.815468651714,633
696.8255275843087,634.5
696.8355862171353,632.5
696.845644550171,632.5
696.85570258339294,633
696.86576031677885,633.5
696.87581775030594,637.5
696.88587488395171,632.5
696.89593171769343,634
696.90598825150869,632.5
696.91604448537453,635.5
696.92610041926866,637.5
696.93615605316836,639.5
696.94621138705111,639.5
696.95626642089417,643
696.96632115467514,645
696.9763755883713,642
696.98642972195989,642.5
696.99648355541876,643
697.00653708872483,643.5
697.016590321856,646
697.02664325478929,653
697.03669588750222,653
697.0467482199723,653.5
697.05680025217691,665
697.06685198409366,666.5
697.07690341569946,663.5
697.08695454697238,662.5
697.09700537788933,661.5
697.107055908428,661.5
697.11710613856576,660.5
697.1271560682801,660.5
697.13720569754832,656.5
697.14725502634815,656
697.15730405465672,654.5
697.16735278245164,650
697.1774012097103,648.5
697.18744933641017,648
697.19749716252863,639.5
697.20754468804319,637.5
697.21759191293131,639.5
697.22763883717062,634
697.23768546073813,634
697.2477317836117,633
697.25777780576868,635.5
697.26782352718635,635.5
697.27786894784242,637.5
697.28791406771438,635.5
697.2979588867795,636
697.30800340501548,632.5
697.31804762239949,634.5
697.32809153890912,634
697.33813515452209,634
697.34817846921555,631.5
697.35822148296722,626
697.36826419575459,625
697.37830660755469,625
697.3883487183457,628.5
697.39839052810464,627.5
697.40843203680913,629.5
697.41847324443677,631
697.4285141509647,632
697.43855475637076,632
697.44859506063256,629.5
697.45863506372723,629.5
697.46867476563239,631.5
697.47871416632563,633
697.48875326578434,631
697.49879206398623,629.5
697.50883056090868,627
697.51886875652906,627
697.52890665082509,628.5
697.53894424377438,631.5
697.54898153535419,633
697.55901852554223,636
697.56905521431588,635.5
697.57909160165264,633.5
697.58912768753032,632.5
697.5991634719262,632.5
697.60919895481766,634
697.61923413618274,635.5
697.62926901599849,634.5
697.63930359424262,637
697.64933787089262,636
697.65937184592622,636
697.66940551932089,637.5
697.67943889105391,640.5
697.6894719611031,640.5
697.69950472944606,640.5
697.70953719606018,645
697.719569360923,647.5
697.72960122401207,647.5
697.73963278530493,647.5
697.74966404477937,643
697.75969500241263,649
697.76972565818255,651
697.77975601206663,649
697.78978606404235,649.5
697.79981581408731,646
697.809845262179,644.5
697.81987440829516,647
697.82990325241326,646
697.83993179451079,645
697.84996003456547,643.5
697.85998797255479,644
697.87001560845647,644
697.88004294224811,645
697.89006997390709,646.5
697.900096703411,647.5
697.91012313073759,648.5
697.92014925586443,641.5
697.93017507876891,644
697.940200599429,644.5
697.950225817822,644.5
697.96025073392559,645
697.97027534771746,642
697.980299659175,643
697.990323668276,641.5
698.000347374998,646.5
698.01037077931869,646.5
698.02039388121568,646.5
698.03041668066635,646
698.04043917764852,646
698.05046137213992,645.5
698.06048326411781,646.5
698.07050485356024,647.5
698.08052614044448,643.5
698.09054712474835,643.5
698.10056780644925,640
698.1105881855251,641
698.12060826195352,641
698.13062803571188,641
698.140647506778,640
698.15066667512951,640
698.16068554074423,638.5
698.17070410359929,639
698.18072236367266,639.5
698.190740320942,637.5
698.200757975385,635.5
698.21077532697927,635.5
698.22079237570233,632.5
698.23080912153216,632.5
698.240825564446,632.5
698.25084170442165,632.5
698.26085754143674,633.5
698.27087307546913,631.5
698.28088830649654,631.5
698.29090323449611,629.5
698.300917859446,635
698.31093218132378,633
698.32094620010685,632
698.33095991577341,632
698.34097332830072,630.5
698.35098643766639,627.5
698.36099924384837,629
698.37101174682437,632
698.38102394657176,633.5
698.39103584306861,632
698.40104743629229,629.5
698.41105872622052,627.5
698.42106971283124,627
698.431080396102,627
698.44109077601024,627
698.45110085253418,629
698.461110625651,628.5
698.47112009533885,629
698.48112926157512,630
698.49113812433745,632
698.501146683604,631.5
698.51115493935208,626.5
698.52116289155947,625.5
698.5311705402039,625.5
698.54117788526321,622.5
698.551184926715,629.5
698.561191664537,627.5
698.57119809870687,629.5
698.58120422920251,626
698.5912100560015,626
698.60121557908144,627.5
698.61122079842039,628
698.62122571399584,627
698.63123032578562,627
698.64123463376757,629
698.651238637919,632
698.66124233821824,632.5
698.67124573464264,633
698.68124882717,635.5
698.69125161577813,635.5
698.70125410044466,636.5
698.7112562811476,636.5
698.72125815786455,638
698.731259730573,639
698.741260999251,642.5
698.75126196387657,641.5
698.761262624427,644
698.77126298088,641.5
698.78126303321392,644.5
698.79126278140586,644.5
698.8012622254339,645
698.81126136527575,650.5
698.82126020090925,651.5
698.83125873231234,654
698.84125695946238,661
698.85125488233723,663.5
698.86125250091527,663.5
698.87124981517343,664
698.88124682509,670.5
698.89124353064256,676.5
698.90123993180885,672
698.91123602856715,674.5
698.9212318208946,678.5
698.93122730876939,683
698.94122249216923,683
698.95121737107172,685.5
698.96121194545492,685.5
698.97120621529666,683
698.98120018057455,678.5
698.99119384126641,678.5
699.00118719735019,679
699.0111802488035,680
699.02117299560439,680
699.03116543773046,678.5
699.04115757515967,678.5
699.05114940786984,673.5
699.06114093583858,682.5
699.07113215904394,679
699.08112307746364,679
699.09111369107563,678
699.10110399985763,678
699.11109400378734,678
699.12108370284272,676
699.13107309700172,674
699.14106218624227,668.5
699.15105097054163,667
699.16103944987833,664
699.17102762422974,659.5
699.1810154935738,659
699.19100305788845,657
699.20099031715154,653
699.21097727134088,651.5
699.2209639204342,649
699.23095026440967,646
699.24093630324489,649.5
699.25092203691781,645
699.26090746540615,649
699.270892588688,648
699.28087740674107,648
699.2908619195432,643.5
699.3008461270723,640
699.31083002930643,642
699.32081362622318,637
699.33079691780063,641
699.34077990401636,639.5
699.35076258484855,642
699.36074496027493,637
699.37072703027354,638
699.380708794822,635.5
699.39069025389847,634.5
699.40067140748079,634
699.41065225554655,634.5
699.42063279807394,634
699.43061303504089,635
699.44059296642513,635
699.45057259220448,634
699.46055191235723,633.5
699.47053092686076,634.5
699.48050963569335,635.5
699.49048803883284,638
699.500466136257,637.5
699.51044392794392,637.5
699.5204214138713,639.5
699.53039859401736,639.5
699.54037546835968,637
699.55035203687646,635.5
699.5603282995454,637
699.57030425634457,642.5
699.58027990725179,639
699.590255252245,641
699.6002302913023,643
699.61020502440135,644.5
699.62017945152036,644.5
699.630153572637,643
699.64012738772942,643
699.65010089677514,645.5
699.66007409975271,645.5
699.67004699663983,644.5
699.68001958741445,640.5
699.68999187205418,638
699.69996385053742,638
699.709935522842,639
699.71990688894573,638.5
699.72987794882681,635.5
699.739848702463,634
699.74981914983221,632
699.75978929091241,631
699.76975912568184,632.5
699.77972865411823,632.5
699.78969787619963,630
699.79966679190386,630
699.809635401209,631
699.8196037040932,631.5
699.82957170053419,632
699.83953939050991,632
699.84950677399854,630.5
699.85947385097791,629
699.86944062142607,629.5
699.87940708532108,629.5
699.88937324264066,627
699.8993390933631,627
699.90930463746611,626.5
699.919269874928,626.5
699.92923480572665,627.5
699.93919942984007,627.5
699.949163747246,628
699.95912775792272,627
699.96909146184828,626
699.97905485900026,626.5
699.98901794935716,626.5
699.99898073289683,625.5
700.00894320959719,621
700.01890537943632,627
700.02886724239227,626.5
700.03882879844309,626.5
700.04879004756663,623.5
700.05875098974093,623
700.06871162494429,625.5
700.07867195315441,624.5
700.08863197434937,627.5
700.09859168850733,628
700.10855109560623,628.5
700.11851019562414,628.5
700.12846898853923,626.5
700.13842747432932,629
700.14838565297248,629
700.15834352444688,630.5
700.16830108873046,630
700.17825834580117,630.5
700.18821529563741,634
700.19817193821689,637.5
700.20812827351767,637.5
700.218084301518,636.5
700.228040022196,636
700.23799543552934,634
700.24795054149638,636
700.25790534007513,637.5
700.26785983124353,645.5
700.27781401498,645.5
700.28776789126209,643
700.29772146006826,640.5
700.30767472137654,642
700.31762767516489,643.5
700.32758032141135,646
700.3375326600941,645
700.34748469119131,645.5
700.35743641468082,643.5
700.36738783054079,642.5
700.3773389387494,641.5
700.38728973928471,640
700.39724023212477,642.5
700.40719041724776,642.5
700.41714029463174,638.5
700.42708986425475,638.5
700.437039126095,635.5
700.44698808013038,636
700.45693672633911,636
700.46688506469934,638
700.47683309518925,631.5
700.48678081778689,632.5
700.4967282324701,631.5
700.5066753392174,633
700.5166221380066,631
700.526568628816,633.5
700.53651481162365,633.5
700.54646068640773,634.5
700.55640625314629,635
700.5663515118174,633.5
700.57629646239923,630
700.58624110487017,630
700.59618543920794,636.5
700.606129465391,636.5
700.61607318339713,636.5
700.62601659320489,637
700.63595969479218,636
700.64590248813727,634.5
700.655844973218,637.5
700.66578715001287,642.5
700.67572901849985,643.5
700.68567057865721,641
700.69561183046289,639.5
700.70555277389531,640.5
700.71549340893239,642.5
700.72543373555231,643
700.73537375373337,643
700.74531346345373,644.5
700.75525286469144,646.5
700.76519195742469,647.5
700.77513074163187,647.5
700.7850692172907,648
700.79500738437969,651
700.80494524287712,654.5
700.81488279276084,655
700.82482003400924,658
700.83475696660025,662.5
700.84469359051241,667
700.85462990572375,675
700.86456591221236,675
700.8745016099565,681
700.88443699893435,687
700.89437207912408,699
700.904306850504,704.5
700.91424131305223,718.5
700.9241754667471,722
700.93410931156643,723.5
700.94404284748884,729.5
700.95397607449229,734
700.96390899255516,734.5
700.97384160165552,755
700.98377390177177,760.5
700.99370589288174,763.5
701.00363757496393,778.5
701.01356894799676,789
701.023500011958,795.5
701.0334307668262,801.5
701.04336121257927,798
701.05329134919577,801
701.06322117665377,799.5
701.07315069493154,798.5
701.08307990400726,798.5
701.09300880385911,786
701.10293739446558,773
701.11286567580464,762.5
701.12279364785479,755
701.13272131059387,740
701.1426486640006,726.5
701.15257570805272,718.5
701.162502442729,715.5
701.17242886800727,714.5
701.182354983866,700.5
701.19228079028346,695
701.20220628723791,689.5
701.21213147470735,678
701.22205635267039,673
701.231980921105,673
701.24190517998977,667
701.25182912930279,661.5
701.26175276902211,661
701.27167609912635,659
701.28159911959369,656
701.2915218304023,652.5
701.30144423153035,653.5
701.31136632295659,653.5
701.32128810465883,650.5
701.33120957661561,647.5
701.341130738805,645.5
701.35105159120553,645
701.36097213379549,646.5
701.37089236655277,645.5
701.38081228945612,647.5
701.39073190248371,647.5
701.40065120561383,647
701.41057019882453,641.5
701.42048888209456,641.5
701.43040725540186,641.5
701.44032531872483,646
701.450243072042,645
701.46016051533138,641
701.47007764857142,637
701.47999447174038,639
701.48991098481679,639.5
701.49982718777858,639.5
701.50974308060438,636.5
701.51965866327248,636.5
701.52957393576116,636
701.5394888980486,636.5
701.54940355011331,635
701.55931789193346,635.5
701.56923192348768,632
701.57914564475413,633.5
701.58905905571089,631.5
701.59897215633669,632.5
701.60888494660981,633
701.61879742650842,633
701.62870959601116,630.5
701.638621455096,630.5
701.64853300374125,631.5
701.65844424192574,630
701.6683551696276,629.5
701.678265786825,629.5
701.68817609349662,628.5
701.69808608962057,629.5
701.70799577517516,633
701.717905150139,634
701.72781421449031,632.5
701.73772296820755,627.5
701.74763141126891,625.5
701.75753954365314,627
701.76744736533806,627.5
701.77735487630241,629.5
701.7872620765246,630
701.79716896598268,629
701.8070755446555,629
701.81698181252113,627.5
701.82688776955808,628.5
701.83679341574475,625.5
701.84669875105942,627.5
701.85660377548038,628.5
701.86650848898648,628.5
701.87641289155567,627.5
701.88631698316658,625
701.89622076379749,623
701.90612423342679,623
701.916027392033,626.5
701.92593023959444,628
701.93583277608946,624.5
701.94573500149681,626.5
701.95563691579446,626
701.96553851896124,629
701.9754398109751,623.5
701.985340791815,624.5
701.99524146145893,626
702.00514181988535,626.5
702.01504186707291,629.5
702.024941603,630
702.0348410276448,628
702.04474014098616,623.5
702.054638943002,623.5
702.06453743367126,622.5
702.07443561297214,620
702.084333480883,620
702.09423103738243,620
702.10412828244876,620.5
702.11402521606067,623.5
702.12392183819634,623.5
702.13381814883428,622.5
702.14371414795312,620.5
702.153609835531,620.5
702.16350521154675,619
702.17340027597857,622
702.18329502880488,622
702.19318947000431,621.5
702.20308359955527,620
702.21297741743626,620.5
702.22287092362581,625.5
702.2327641181023,625.5
702.24265700084413,623
702.25254957182972,621.5
702.2624418310379,621.5
702.272333778447,620
702.28222541403534,620
702.29211673778127,618
702.302007749664,619.5
702.31189844966116,622.5
702.32178883775168,621.5
702.331678913914,619.5
702.34156867812669,622
702.351458130368,624
702.36134727061665,624
702.37123609885123,623.5
702.38112461504988,621.5
702.39101281919136,621.5
702.40090071125428,621
702.41078829121693,621
702.42067555905794,621.5
702.43056251475571,621.5
702.44044915828874,624.5
702.4503354896359,622
702.46022150877536,620
702.47010721568563,620
702.47999261034545,621
702.4898776927331,621
702.49976246282733,621
702.50964692060666,621
702.51953106604947,620.5
702.52941489913439,625
702.53929841984,625
702.54918162814454,625.5
702.55906452402712,624.5
702.56894710746576,621
702.5788293784392,621
702.58871133692617,624.5
702.59859298290485,624.5
702.608474316354,626
702.61835533725218,620
702.628236045578,622
702.63811644130976,621
702.64799652442639,621.5
702.65787629490626,623
702.66775575272777,622.5
702.67763489786978,624.5
702.68751373031068,620.5
702.69739225002922,620
702.7072704570038,620
702.71714835121293,621
702.72702593263534,620
702.73690320124967,624.5
702.74678015703432,618.5
702.75665679996791,628.5
702.76653313002907,622
702.77640914719655,624.5
702.7862848514485,623.5
702.79616024276413,621.5
702.80603532112139,626
702.81591008649934,623
702.82578453887629,624.5
702.83565867823108,622.5
702.84553250454223,625
702.85540601778825,625.5
702.86527921794777,625.5
702.87515210499953,624
702.88502467892215,624
702.89489693969392,622.5
702.9047688872937,621.5
702.91464052170011,620.5
702.92451184289189,622.5
702.93438285084733,623.5
702.94425354554517,627
702.95412392696426,628
702.96399399508311,624
702.97386374988037,623.5
702.98373319133441,624
702.9936023194241,624.5
703.00347113412818,626
703.013339635425,623
703.02320782329355,622
703.03307569771209,623.5
703.04294325865942,624
703.05281050611438,625
703.06267744005538,624.5
703.07254406046115,625.5
703.08241036731033,625
703.09227636058154,625
703.10214204025351,623.5
703.11200740630488,630
703.12187245871428,628.5
703.13173719746044,628
703.14160162252188,626.5
703.15146573387733,626.5
703.16132953150554,623.5
703.17119301538537,624
703.181056185495,622.5
703.19091904181346,625
703.20078158431932,627.5
703.21064381299129,624.5
703.220505727808,624
703.23036732874823,627
703.24022861579056,626.5
703.25008958891374,626.5
703.2599502480964,626
703.26981059331729,626.5
703.27967062455525,627
703.28953034178869,627.5
703.29938974499646,626.5
703.30924883415719,628
703.31910760924973,626
703.32896607025248,628
703.33882421714463,626
703.3486820499046,625
703.358539568511,624.5
703.36839677294267,625.5
703.37825366317827,628.5
703.38811023919675,629
703.39796650097639,627.5
703.40782244849652,627.5
703.41767808173529,626
703.42753340067168,626
703.43738840528454,626
703.44724309555227,625.5
703.45709747145384,626
703.466951532968,626
703.47680528007322,627
703.48665871274864,626
703.49651183097274,625
703.50636463472426,623.5
703.51621712398207,623
703.526069298725,624
703.53592115893139,624
703.54577270458037,625.5
703.55562393565071,625
703.56547485212093,627
703.57532545396987,626
703.58517574117627,628
703.59502571371911,628
703.60487537157678,628
703.61472471472848,627.5
703.62457374315272,627.5
703.63442245682813,627
703.64427085573368,623
703.65411893984833,623
703.66396670915037,626.5
703.67381416361911,628
703.683661303233,630
703.69350812797086,630.5
703.70335463781146,632
703.71320083273372,632
703.7230467127165,630
703.73289227773819,628.5
703.742737527778,630
703.75258246281442,630
703.76242708282666,631
703.772271387793,633.5
703.78211537769278,636.5
703.79195905250435,631.5
703.80180241220671,632.5
703.81164545677871,632.5
703.821488186199,634.5
703.83133060044656,634.5
703.84117269950025,636
703.85101448333864,635.5
703.86085595194072,637
703.87069710528533,639
703.88053794335121,639
703.89037846611734,636
703.90021867356222,634
703.910058565665,633
703.91989814240446,633.5
703.92973740375942,638.5
703.93957634970855,638.5
703.94941498023093,638
703.9592532953053,635
703.96909129491053,636
703.97892897902523,640.5
703.9887663476286,639
703.99860340069927,638.5
704.0084401382162,638.5
704.01827656015814,643.5
704.02811266650406,649
704.0379484572328,647
704.04778393232311,648
704.05761909175408,648
704.0674539355042,650
704.0772884635528,653
704.08712267587828,656
704.0969565724597,658
704.10679015327628,660.5
704.1166234183064,662.5
704.12645636752916,662.5
704.13628900092328,660.5
704.14612131846786,661
704.15595332014186,664
704.16578500592379,667.5
704.17561637579286,668
704.18544742972767,669.5
704.19527816770744,668
704.205108589711,669
704.214938695717,669.5
704.22476848570454,673
704.23459795965255,673.5
704.24442711753966,680
704.25425595934507,672
704.26408448504776,671.5
704.27391269462623,669.5
704.28374058805969,666.5
704.2935681653272,666
704.30339542640718,666
704.313222371279,665
704.32304899992141,666
704.33287531231338,663.5
704.34270130843379,662.5
704.3525269882615,657
704.36235235177548,653.5
704.37217739895482,653.5
704.38200212977824,660
704.391826544225,656.5
704.40165064227347,655
704.411474423903,651.5
704.42129788909244,650.5
704.431121037821,650
704.440943870067,651.5
704.45076638580986,651.5
704.4605885850284,648
704.47041046770175,649.5
704.48023203380865,646
704.49005328332817,648.5
704.499874216239,648
704.50969483252061,649.5
704.51951513215147,654.5
704.52933511511083,653.5
704.53915478137753,652
704.54897413093067,649.5
704.5587931637491,643
704.56861187981167,642
704.57843027909769,643.5
704.58824836158578,642.5
704.59806612725527,645
704.607883576085,644
704.6177007080538,643.5
704.6275175231408,640.5
704.63733402132493,640
704.64715020258529,637
704.65696606690085,637.5
704.66678161425045,638
704.67659684461319,641.5
704.68641175796824,645
704.69622635429425,638.5
704.70604063357041,637
704.7158545957758,634.5
704.72566824088938,634.5
704.73548156889024,636
704.74529457975711,637
704.75510727346921,635
704.76491965000548,635
704.774731709345,637.5
704.78454345146679,639.5
704.79435487635,639.5
704.80416598397335,639
704.813976774316,638
704.823787247357,635
704.83359740307549,633.5
704.84340724145034,633
704.85321676246076,631
704.86302596608562,628.5
704.87283485230387,629.5
704.88264342109494,625.5
704.89245167243746,625.5
704.90225960631074,628.5
704.91206722269374,630.5
704.92187452156531,630.5
704.931681502905,632.5
704.94148816669144,634
704.95129451290359,634
704.961100541521,636.5
704.97090625252247,634.5
704.98071164588691,634.5
704.99051672159351,637
705.00032147962145,637
705.0101259199497,635
705.01993004255735,633
705.02973384742359,631
705.03953733452715,631.5
705.04934050384747,631.5
705.05914335536352,626.5
705.06894588905425,626
705.07874810489886,632
705.08855000287645,632.5
705.09835158296607,634
705.10815284514683,632.5
705.11795378939792,637.5
705.12775441569829,636
705.13755472402693,638
705.14735471436336,637
705.1571543866861,629.5
705.1669537409748,628.5
705.17675277720843,630
705.18655149536573,630
705.19634989542624,629.5
